,1,2,3,4,accuracy,macro avg,weighted avg,train_time,test_time,feature_extraction_time
precision,0.9119496855345912,0.9568158168574402,0.8823842469398616,0.8852459016393442,0.9093421052631578,0.9090989127428093,0.9090989127428094,15825.467003107071,0.049951791763305664,24.561729192733765
recall,0.9157894736842105,0.9678947368421053,0.8726315789473684,0.8810526315789474,0.9093421052631578,0.9093421052631578,0.9093421052631578,15825.467003107071,0.049951791763305664,24.561729192733765
f1-score,0.9138655462184874,0.9623233908948194,0.8774808150304313,0.8831442891057768,0.9093421052631578,0.9092035103123788,0.9092035103123787,15825.467003107071,0.049951791763305664,24.561729192733765
support,1900.0,1900.0,1900.0,1900.0,0.9093421052631578,7600.0,7600.0,15825.467003107071,0.049951791763305664,24.561729192733765
