,negative,neutral,positive,accuracy,macro avg,weighted avg,train_time,test_time,feature_extraction_time,augmentation_time
precision,0.8109243697478992,0.8118886380737397,0.9200420831141505,0.8711072664359861,0.847618363645263,0.8712106012454072,2608.4283123016357,0.03381633758544922,2.0757992267608643,24.231077671051025
recall,0.6126984126984127,0.8645833333333334,0.9181102362204724,0.8711072664359861,0.7984639940840729,0.8711072664359861,2608.4283123016357,0.03381633758544922,2.0757992267608643,24.231077671051025
f1-score,0.6980108499095842,0.837407838571983,0.9190751445086706,0.8711072664359861,0.818164610996746,0.8696068484856895,2608.4283123016357,0.03381633758544922,2.0757992267608643,24.231077671051025
support,315.0,1248.0,1905.0,0.8711072664359861,3468.0,3468.0,2608.4283123016357,0.03381633758544922,2.0757992267608643,24.231077671051025
