,negative,neutral,positive,accuracy,macro avg,weighted avg,train_time,test_time,feature_extraction_time
precision,0.7804878048780488,0.8051554207733131,0.9132947976878613,0.8627450980392157,0.8329793411130745,0.8623166704893471,1262.204321861267,0.028741836547851562,3.0927481651306152
recall,0.6095238095238096,0.8509615384615384,0.9123359580052494,0.8627450980392157,0.7909404353301991,0.8627450980392157,1262.204321861267,0.028741836547851562,3.0927481651306152
f1-score,0.6844919786096257,0.8274250097389949,0.9128151260504203,0.8627450980392157,0.8082440381330137,0.8613478086915654,1262.204321861267,0.028741836547851562,3.0927481651306152
support,315.0,1248.0,1905.0,0.8627450980392157,3468.0,3468.0,1262.204321861267,0.028741836547851562,3.0927481651306152
