,1,2,3,4,accuracy,macro avg,weighted avg,train_time,test_time
precision,0.910377358490566,0.9599792099792099,0.8865924748277689,0.8973950026581605,0.9138157894736842,0.9135860114889263,0.9135860114889264,7950.114312410355,104.8072304725647
recall,0.9142105263157895,0.9721052631578947,0.8805263157894737,0.888421052631579,0.9138157894736842,0.9138157894736842,0.9138157894736842,7950.114312410355,104.8072304725647
f1-score,0.9122899159663865,0.9660041841004183,0.8835489833641405,0.8928854800317377,0.9138157894736842,0.9136821408656708,0.9136821408656708,7950.114312410355,104.8072304725647
support,1900.0,1900.0,1900.0,1900.0,0.9138157894736842,7600.0,7600.0,7950.114312410355,104.8072304725647
