,negative,neutral,positive,accuracy,macro avg,weighted avg,train_time,test_time
precision,0.7681159420289855,0.8155706727135299,0.9266987693953986,0.871683967704729,0.8367951280459712,0.8723038860968425,658.6238839626312,10.44831895828247
recall,0.6730158730158731,0.8645833333333334,0.9091863517060368,0.871683967704729,0.8155951860184144,0.871683967704729,658.6238839626312,10.44831895828247
f1-score,0.7174280879864635,0.8393621159082069,0.9178590355060945,0.871683967704729,0.824883079800255,0.871405775953947,658.6238839626312,10.44831895828247
support,315.0,1248.0,1905.0,0.871683967704729,3468.0,3468.0,658.6238839626312,10.44831895828247
