,negative,neutral,positive,accuracy,macro avg,weighted avg,train_time,test_time
precision,0.7835820895522388,0.8123587038432555,0.9236518953550453,0.870242214532872,0.8398642295835131,0.8708791468444923,78.65971994400024,4.3922507762908936
recall,0.6666666666666666,0.8637820512820513,0.9081364829396326,0.870242214532872,0.8128617336294502,0.870242214532872,78.65971994400024,4.3922507762908936
f1-score,0.7204116638078901,0.8372815533980582,0.9158284806776072,0.870242214532872,0.8245072326278519,0.8698126610239632,78.65971994400024,4.3922507762908936
support,315.0,1248.0,1905.0,0.870242214532872,3468.0,3468.0,78.65971994400024,4.3922507762908936
