,0,1,2,3,accuracy,macro avg,weighted avg,train_time,test_time
precision,0.9456521739130435,0.9527272727272728,0.8800217155266015,0.8412470023980816,0.9028947368421053,0.9049120411412499,0.9049120411412498,80.18783020973206,3.176790952682495
recall,0.87,0.9652631578947368,0.8531578947368421,0.9231578947368421,0.9028947368421053,0.9028947368421053,0.9028947368421053,80.18783020973206,3.176790952682495
f1-score,0.90625,0.9589542483660131,0.8663816141101015,0.88030112923463,0.9028947368421053,0.9029717479276861,0.9029717479276862,80.18783020973206,3.176790952682495
support,1900.0,1900.0,1900.0,1900.0,0.9028947368421053,7600.0,7600.0,80.18783020973206,3.176790952682495
