,0,1,2,3,accuracy,macro avg,weighted avg,train_time,test_time
precision,0.9476975554292212,0.9424936386768448,0.8424153166421208,0.8939641109298532,0.9051315789473684,0.9066426554195101,0.90664265541951,1345.9741942882538,42.28268384933472
recall,0.8773684210526316,0.9747368421052631,0.9031578947368422,0.8652631578947368,0.9051315789473684,0.9051315789473684,0.9051315789473684,1345.9741942882538,42.28268384933472
f1-score,0.911177917463788,0.9583441138421733,0.8717297434594868,0.8793795132388339,0.9051315789473684,0.9051578220010705,0.9051578220010705,1345.9741942882538,42.28268384933472
support,1900.0,1900.0,1900.0,1900.0,0.9051315789473684,7600.0,7600.0,1345.9741942882538,42.28268384933472
