,0,1,2,3,accuracy,macro avg,weighted avg,train_time,test_time
precision,0.9522988505747126,0.9492047203694202,0.8747288503253796,0.8451862602806,0.9035526315789474,0.9053546703875281,0.9053546703875281,84.70001792907715,2.3292577266693115
recall,0.8721052631578947,0.9736842105263158,0.8489473684210527,0.9194736842105263,0.9035526315789474,0.9035526315789474,0.9035526315789474,84.70001792907715,2.3292577266693115
f1-score,0.9104395604395605,0.9612886464016627,0.8616452991452992,0.8807663221578019,0.9035526315789474,0.9035349570360811,0.9035349570360811,84.70001792907715,2.3292577266693115
support,1900.0,1900.0,1900.0,1900.0,0.9035526315789474,7600.0,7600.0,84.70001792907715,2.3292577266693115
