,0,1,2,3,accuracy,macro avg,weighted avg,train_time,test_time
precision,0.917032967032967,0.9420970266040689,0.8800223214285714,0.8353452438435538,0.8923684210526316,0.8936243897272902,0.8936243897272903,476.46274733543396,15.842447757720947
recall,0.878421052631579,0.9505263157894737,0.83,0.9105263157894737,0.8923684210526316,0.8923684210526316,0.8923684210526316,476.46274733543396,15.842447757720947
f1-score,0.8973118279569894,0.9462929001833901,0.8542795232936078,0.871317048602367,0.8923684210526316,0.8923003250090886,0.8923003250090886,476.46274733543396,15.842447757720947
support,1900.0,1900.0,1900.0,1900.0,0.8923684210526316,7600.0,7600.0,476.46274733543396,15.842447757720947
