,0,1,2,3,accuracy,macro avg,weighted avg,train_time,test_time
precision,0.9142705005324814,0.9230769230769231,0.8887043189368771,0.8829449152542372,0.9027631578947368,0.9022491644501296,0.9022491644501297,1158.4484922885895,32.37260699272156
recall,0.9036842105263158,0.9852631578947368,0.8447368421052631,0.8773684210526316,0.9027631578947368,0.9027631578947368,0.9027631578947368,1158.4484922885895,32.37260699272156
f1-score,0.9089465325569084,0.9531568228105907,0.8661629789530492,0.8801478352692714,0.9027631578947368,0.9021035423974549,0.9021035423974548,1158.4484922885895,32.37260699272156
support,1900.0,1900.0,1900.0,1900.0,0.9027631578947368,7600.0,7600.0,1158.4484922885895,32.37260699272156
