,0,1,2,3,accuracy,macro avg,weighted avg,train_time,test_time
precision,0.9349547511312217,0.924812030075188,0.8799559471365639,0.8446313706086096,0.8951315789473684,0.8960885247378959,0.8960885247378958,83.51369643211365,1.59891676902771
recall,0.87,0.9710526315789474,0.8410526315789474,0.8984210526315789,0.8951315789473684,0.8951315789473684,0.8951315789473684,83.51369643211365,1.59891676902771
f1-score,0.9013086150490731,0.9473684210526315,0.860064585575888,0.8706962509563887,0.8951315789473684,0.8948594681584954,0.8948594681584953,83.51369643211365,1.59891676902771
support,1900.0,1900.0,1900.0,1900.0,0.8951315789473684,7600.0,7600.0,83.51369643211365,1.59891676902771
