,0,1,2,3,accuracy,macro avg,weighted avg,train_time,test_time
precision,0.9012539184952978,0.9374682257244534,0.8608465608465609,0.8829961727720066,0.8961842105263158,0.8956412194595798,0.8956412194595798,540.0470645427704,20.947319746017456
recall,0.9078947368421053,0.9705263157894737,0.8563157894736843,0.85,0.8961842105263158,0.8961842105263158,0.8961842105263158,540.0470645427704,20.947319746017456
f1-score,0.9045621394861039,0.9537108869925006,0.858575197889182,0.8661839635290963,0.8961842105263158,0.8957580469742207,0.8957580469742207,540.0470645427704,20.947319746017456
support,1900.0,1900.0,1900.0,1900.0,0.8961842105263158,7600.0,7600.0,540.0470645427704,20.947319746017456
