,0,1,2,3,accuracy,macro avg,weighted avg,train_time,test_time
precision,0.9400814426992438,0.9312436804853387,0.8717948717948718,0.8133147113594041,0.8861842105263158,0.8891086765847147,0.8891086765847146,96.20326733589172,3.304088592529297
recall,0.8505263157894737,0.9694736842105263,0.8052631578947368,0.9194736842105263,0.8861842105263158,0.8861842105263158,0.8861842105263158,96.20326733589172,3.304088592529297
f1-score,0.8930643824260847,0.9499742135121196,0.8372093023255812,0.8631422924901186,0.8861842105263158,0.8858475476884761,0.885847547688476,96.20326733589172,3.304088592529297
support,1900.0,1900.0,1900.0,1900.0,0.8861842105263158,7600.0,7600.0,96.20326733589172,3.304088592529297
