,0,1,2,accuracy,macro avg,weighted avg,train_time,test_time
precision,0.7198581560283688,0.8261943986820428,0.8975659229208925,0.8581314878892734,0.814539492543768,0.8557407762019684,38.08553671836853,1.2356421947479248
recall,0.6444444444444445,0.8036858974358975,0.9291338582677166,0.8581314878892734,0.7924214000493528,0.8581314878892734,38.08553671836853,1.2356421947479248
f1-score,0.680067001675042,0.8147847278635255,0.9130771214856849,0.8581314878892734,0.8026429503414175,0.8565410502686124,38.08553671836853,1.2356421947479248
support,315.0,1248.0,1905.0,0.8581314878892734,3468.0,3468.0,38.08553671836853,1.2356421947479248
