,0,1,2,accuracy,macro avg,weighted avg,train_time,test_time
precision,0.6071428571428571,0.6787994891443168,0.8971397139713971,0.7915224913494809,0.7276940200861904,0.7922269081798209,32.089595079422,2.2545623779296875
recall,0.1619047619047619,0.8517628205128205,0.8561679790026246,0.7915224913494809,0.6232785204734024,0.7915224913494809,32.089595079422,2.2545623779296875
f1-score,0.25563909774436094,0.7555081734186212,0.8761751275852807,0.7915224913494809,0.6291074662494209,0.7763881586695134,32.089595079422,2.2545623779296875
support,315.0,1248.0,1905.0,0.7915224913494809,3468.0,3468.0,32.089595079422,2.2545623779296875
