,0,1,2,accuracy,macro avg,weighted avg,train_time,test_time
precision,0.6153846153846154,0.7066365007541479,0.8294974166275246,0.7817185697808535,0.7171728442554294,0.7658365298335538,29.19161820411682,1.15213942527771
recall,0.025396825396825397,0.750801282051282,0.9270341207349081,0.7817185697808535,0.5677440760610052,0.7817185697808535,29.19161820411682,1.15213942527771
f1-score,0.048780487804878044,0.7280497280497281,0.8755577590480912,0.7817185697808535,0.5507959916342324,0.7473787327713988,29.19161820411682,1.15213942527771
support,315.0,1248.0,1905.0,0.7817185697808535,3468.0,3468.0,29.19161820411682,1.15213942527771
