,0,1,2,accuracy,macro avg,weighted avg,train_time,test_time
precision,0.6081632653061224,0.789259560618389,0.8891675025075225,0.8339100346020761,0.7621967761440113,0.8276907302479839,51.895285844802856,5.975963354110718
recall,0.473015873015873,0.7772435897435898,0.9307086614173228,0.8339100346020761,0.7269893747255951,0.8339100346020761,51.895285844802856,5.975963354110718
f1-score,0.5321428571428571,0.7832054905127169,0.9094639651192613,0.8339100346020761,0.7416041042582785,0.8297561435155892,51.895285844802856,5.975963354110718
support,315.0,1248.0,1905.0,0.8339100346020761,3468.0,3468.0,51.895285844802856,5.975963354110718
