,0,1,2,accuracy,macro avg,weighted avg,train_time,test_time
precision,0.875,0.7285921625544267,0.8515850144092219,0.8027681660899654,0.8183923923212162,0.809451404647489,33.687989234924316,1.9435534477233887
recall,0.022222222222222223,0.8044871794871795,0.9307086614173228,0.8027681660899654,0.5858060210422416,0.8027681660899654,33.687989234924316,1.9435534477233887
f1-score,0.043343653250773995,0.7646610814927646,0.8893905191873589,0.8027681660899654,0.5657984179769658,0.7676583677995625,33.687989234924316,1.9435534477233887
support,315.0,1248.0,1905.0,0.8027681660899654,3468.0,3468.0,33.687989234924316,1.9435534477233887
