,0,1,2,accuracy,macro avg,weighted avg,train_time,test_time
precision,0.6730769230769231,0.6691086691086691,0.90607424071991,0.7906574394463668,0.7494199443018341,0.7996361817728599,87.40389347076416,8.382078886032104
recall,0.1111111111111111,0.8782051282051282,0.8456692913385827,0.7906574394463668,0.6116618435516074,0.7906574394463668,87.40389347076416,8.382078886032104
f1-score,0.19073569482288824,0.7595287595287595,0.8748303013847408,0.7906574394463668,0.6083649185787962,0.7712010841692714,87.40389347076416,8.382078886032104
support,315.0,1248.0,1905.0,0.7906574394463668,3468.0,3468.0,87.40389347076416,8.382078886032104
