,0,1,2,accuracy,macro avg,weighted avg,train_time,test_time
precision,0.6390728476821192,0.7964884277733439,0.9100888656560376,0.845444059976932,0.7818833803705002,0.844591924439375,11.067573547363281,0.5585060119628906
recall,0.6126984126984127,0.7996794871794872,0.9139107611548556,0.845444059976932,0.7754295536775851,0.845444059976932,11.067573547363281,0.5585060119628906
f1-score,0.6256077795786062,0.7980807676929228,0.9119958093242536,0.845444059976932,0.7785614521985943,0.8449894075578811,11.067573547363281,0.5585060119628906
support,315.0,1248.0,1905.0,0.845444059976932,3468.0,3468.0,11.067573547363281,0.5585060119628906
