,0,1,2,accuracy,macro avg,weighted avg,train_time,test_time
precision,0.7061611374407583,0.7654676258992805,0.9196572040707016,0.8448673587081892,0.7970953224702467,0.8447783532787853,41.596452713012695,3.5576419830322266
recall,0.473015873015873,0.8525641025641025,0.9013123359580052,0.8448673587081892,0.7422974371793268,0.8448673587081892,41.596452713012695,3.5576419830322266
f1-score,0.5665399239543727,0.8066717210007581,0.910392364793213,0.8448673587081892,0.7612013365827813,0.8418350169508778,41.596452713012695,3.5576419830322266
support,315.0,1248.0,1905.0,0.8448673587081892,3468.0,3468.0,41.596452713012695,3.5576419830322266
