,0,1,2,accuracy,macro avg,weighted avg,train_time,test_time
precision,0.7525773195876289,0.7254374158815612,0.9018567639257294,0.8220876585928489,0.7932904997983065,0.8248110974535195,47.43676042556763,5.919206857681274
recall,0.23174603174603176,0.8637820512820513,0.8923884514435696,0.8220876585928489,0.6626388448238842,0.8220876585928489,47.43676042556763,5.919206857681274
f1-score,0.35436893203883496,0.7885881492318946,0.8970976253298154,0.8220876585928489,0.6800182355335149,0.8087529412015386,47.43676042556763,5.919206857681274
support,315.0,1248.0,1905.0,0.8220876585928489,3468.0,3468.0,47.43676042556763,5.919206857681274
