,0,1,2,accuracy,macro avg,weighted avg,train_time,test_time
precision,0.47619047619047616,0.7258444619010213,0.8625254582484725,0.7866205305651672,0.68818679877999,0.778248237144122,20.583425998687744,0.9684603214263916
recall,0.3492063492063492,0.7403846153846154,0.8892388451443569,0.7866205305651672,0.6596099365784406,0.7866205305651672,20.583425998687744,0.9684603214263916
f1-score,0.4029304029304029,0.7330424434748116,0.8756784698888602,0.7866205305651672,0.6705504387646917,0.7814093228137026,20.583425998687744,0.9684603214263916
support,315.0,1248.0,1905.0,0.7866205305651672,3468.0,3468.0,20.583425998687744,0.9684603214263916
