,0,1,2,accuracy,macro avg,weighted avg,train_time,test_time
precision,0.417910447761194,0.6891472868217055,0.8752034725990233,0.7618223760092272,0.6607537357273077,0.7667128662916389,12.591390132904053,2.243872880935669
recall,0.4444444444444444,0.7123397435897436,0.8467191601049868,0.7618223760092272,0.6678344493797249,0.7618223760092272,12.591390132904053,2.243872880935669
f1-score,0.43076923076923074,0.7005516154452325,0.8607257203842048,0.7618223760092272,0.6640155221995561,0.7640320706747024,12.591390132904053,2.243872880935669
support,315.0,1248.0,1905.0,0.7618223760092272,3468.0,3468.0,12.591390132904053,2.243872880935669
