,0,1,2,accuracy,macro avg,weighted avg,train_time,test_time
precision,0.5424528301886793,0.6848684210526316,0.9095622119815668,0.788638985005767,0.7122944877409592,0.7953588364498279,17.703139543533325,2.3358418941497803
recall,0.36507936507936506,0.8341346153846154,0.8288713910761155,0.788638985005767,0.676028457180032,0.788638985005767,17.703139543533325,2.3358418941497803
f1-score,0.43643263757115747,0.7521676300578034,0.8673441362263116,0.788638985005767,0.6853148012850908,0.7867566501321155,17.703139543533325,2.3358418941497803
support,315.0,1248.0,1905.0,0.788638985005767,3468.0,3468.0,17.703139543533325,2.3358418941497803
