,0,1,2,accuracy,macro avg,weighted avg,train_time,test_time
precision,0.6521739130434783,0.6753164556962026,0.8868632707774798,0.7889273356401384,0.7381178798390535,0.7894187572516308,24.234262228012085,2.1156320571899414
recall,0.047619047619047616,0.8549679487179487,0.8682414698162729,0.7889273356401384,0.590276155384423,0.7889273356401384,24.234262228012085,2.1156320571899414
f1-score,0.08875739644970414,0.7545968882602545,0.8774535809018568,0.7889273356401384,0.5736026218706051,0.7616045467267853,24.234262228012085,2.1156320571899414
support,315.0,1248.0,1905.0,0.7889273356401384,3468.0,3468.0,24.234262228012085,2.1156320571899414
