,0,1,2,accuracy,macro avg,weighted avg,train_time,test_time
precision,0.6333333333333333,0.7068965517241379,0.904891304347826,0.8094002306805075,0.7483737298017658,0.8089748648599575,39.3977997303009,4.3471057415008545
recall,0.24126984126984127,0.8541666666666666,0.8740157480314961,0.8094002306805075,0.656484085322668,0.8094002306805075,39.3977997303009,4.3471057415008545
f1-score,0.34942528735632183,0.7735849056603773,0.8891855807743659,0.8094002306805075,0.6707319245970217,0.7985586675768626,39.3977997303009,4.3471057415008545
support,315.0,1248.0,1905.0,0.8094002306805075,3468.0,3468.0,39.3977997303009,4.3471057415008545
