,1,2,3,4,accuracy,macro avg,weighted avg,train_time,test_time
precision,0.9147609147609148,0.9783068783068783,0.9098591549295775,0.8677274987568374,0.9169736842105263,0.917663611688552,0.9176636116885519,4075,169
recall,0.9263157894736842,0.9731578947368421,0.85,0.9184210526315789,0.9169736842105263,0.9169736842105264,0.9169736842105263,4075,169
f1-score,0.9205020920502092,0.9757255936675462,0.8789115646258503,0.8923548964459217,0.9169736842105263,0.9168735366973818,0.9168735366973819,4075,169
support,1900.0,1900.0,1900.0,1900.0,0.9169736842105263,7600.0,7600.0,4075,169
