,0,1,2,accuracy,macro avg,weighted avg,train_time,test_time
precision,0.8925619834710744,0.8800940438871473,0.947584789311408,0.9188799076212472,0.9067469388898766,0.9182853830227943,2474,77
recall,0.6857142857142857,0.90056134723336,0.9695057833859095,0.9188799076212472,0.8519271387778518,0.9188799076212472,2474,77
f1-score,0.7755834829443448,0.8902100673801029,0.9584199584199584,0.9188799076212472,0.8747378362481353,0.917238889164324,2474,77
support,315.0,1247.0,1902.0,0.9188799076212472,3464.0,3464.0,2474,77
